"Reference","Qty","Manufacturer_Part_Number"
"C1","1","CL31B106KBHNNNE"
"C2,C6,C8,C11","4","C0603C104K5RACTU"
"C3,C4","2","CL32B226KOJNNNE"
"C5","1","CL10B103KB8NNNC"
"C7,C9","2","CL10B105KA8NNNC"
"C10","1","C0603C104K3RACTU"
"C12","1","A768KE187M1ELAE029"
"F1","1","0685T5000-01"
"IC1","1","AP63205WU-7"
"IC2","1","FDS4435BZ"
"IC3","1","DRV8251ADDAR"
"J1,J3","2","691137710002"
"J2","1","SSW-119-01-T-D"
"L1","1","IFSC2020DEER4R7M01"
"LED1","1","LTST-C190KRKT"
"LED2","1","LTST-C191KGKT"
"R1","1","RC0603FR-0710KL"
"R2","1","ERJ3GEYJ301V"
"R3","1","RC0603JR-070RL"
"R4","1","CPF0603F750RC1"
"R6","1","ERJ-PA3F1101V"
"TP1,TP2,TP3,TP4,TP5","5","5019"
"Z1","1","MMSZ5231B-7-F"
"Z2","1","SMBJ15CA-Q"
